function,dimension,alpha,g,noise_model,noise_std,seed,final_best_observed,final_best_latent,final_observed_gap,final_simple_regret
camel3,2,1.0,0,gaussian_mixture,2.0,0,3.8381349673808325,-0.008168422750261434,-3.8381349673808325,0.008168422750261434
camel3,2,1.0,0,gaussian_mixture,2.0,1,2.170012459235232,-0.30919297821748526,-2.170012459235232,0.30919297821748526
camel3,2,1.0,0,gaussian_mixture,2.0,2,1.288026266940466,-0.2087673082970321,-1.288026266940466,0.2087673082970321
camel3,2,1.0,0,gaussian_mixture,2.0,3,1.9921275756461516,-0.813697215577291,-1.9921275756461516,0.813697215577291
camel3,2,1.0,0,gaussian_mixture,2.0,4,-0.7576141854093661,-2.4363141548141556,0.7576141854093661,2.4363141548141556
camel3,2,1.0,1,gaussian_mixture,2.0,0,4.116175993237923,-0.04345209804780328,-4.116175993237923,0.04345209804780328
camel3,2,1.0,1,gaussian_mixture,2.0,1,2.170012459235232,-0.30919297821748526,-2.170012459235232,0.30919297821748526
camel3,2,1.0,1,gaussian_mixture,2.0,2,0.0726386743114309,-0.5290161911319531,-0.0726386743114309,0.5290161911319531
camel3,2,1.0,1,gaussian_mixture,2.0,3,1.4200720215219231,-0.4970042774033545,-1.4200720215219231,0.4970042774033545
camel3,2,1.0,1,gaussian_mixture,2.0,4,-0.07934331562216834,-0.41742681589132336,0.07934331562216834,0.41742681589132336
camel3,2,1.0,2,gaussian_mixture,2.0,0,0.40289638428841923,-0.08621071194041291,-0.40289638428841923,0.08621071194041291
camel3,2,1.0,2,gaussian_mixture,2.0,1,2.170012459235232,-0.30919297821748526,-2.170012459235232,0.30919297821748526
camel3,2,1.0,2,gaussian_mixture,2.0,2,-0.10926604615197794,-0.5290161911319531,0.10926604615197794,0.5290161911319531
camel3,2,1.0,2,gaussian_mixture,2.0,3,2.167826273239384,-0.747850603163708,-2.167826273239384,0.747850603163708
camel3,2,1.0,2,gaussian_mixture,2.0,4,0.7589180741630641,-0.11011305387791287,-0.7589180741630641,0.11011305387791287
camel3,2,hw,0,gaussian_mixture,2.0,0,4.911350644357897,-0.2030348423162569,-4.911350644357897,0.2030348423162569
camel3,2,hw,0,gaussian_mixture,2.0,1,2.170012459235232,-0.30919297821748526,-2.170012459235232,0.30919297821748526
camel3,2,hw,0,gaussian_mixture,2.0,2,1.1750454880590657,-0.4132232969144536,-1.1750454880590657,0.4132232969144536
camel3,2,hw,0,gaussian_mixture,2.0,3,1.9911723316184144,-0.813697215577291,-1.9911723316184144,0.813697215577291
camel3,2,hw,0,gaussian_mixture,2.0,4,-1.2506274241212447,-2.5747524076504407,1.2506274241212447,2.5747524076504407
camel3,2,hw,1,gaussian_mixture,2.0,0,0.45004477041354785,-0.03906232581528432,-0.45004477041354785,0.03906232581528432
camel3,2,hw,1,gaussian_mixture,2.0,1,2.170012459235232,-0.30919297821748526,-2.170012459235232,0.30919297821748526
camel3,2,hw,1,gaussian_mixture,2.0,2,0.07295081834638162,-0.5290161911319531,-0.07295081834638162,0.5290161911319531
camel3,2,hw,1,gaussian_mixture,2.0,3,1.4201953602315278,-0.4970009730831293,-1.4201953602315278,0.4970009730831293
camel3,2,hw,1,gaussian_mixture,2.0,4,-0.08214253253941772,-0.42022603280857274,0.08214253253941772,0.42022603280857274
camel3,2,hw,2,gaussian_mixture,2.0,0,3.4591502628482997,-0.08428251586148804,-3.4591502628482997,0.08428251586148804
camel3,2,hw,2,gaussian_mixture,2.0,1,2.170012459235232,-0.30919297821748526,-2.170012459235232,0.30919297821748526
camel3,2,hw,2,gaussian_mixture,2.0,2,-0.10926604615197794,-0.5290161911319531,0.10926604615197794,0.5290161911319531
camel3,2,hw,2,gaussian_mixture,2.0,3,2.1678645168228217,-0.747850022035982,-2.1678645168228217,0.747850022035982
camel3,2,hw,2,gaussian_mixture,2.0,4,0.7378310165760202,-0.11008841109553022,-0.7378310165760202,0.11008841109553022
camel6,2,1.0,0,gaussian_mixture,2.0,0,4.8574586117234135,-0.0613492783391133,-4.8574586117234135,0.0613492783391133
camel6,2,1.0,0,gaussian_mixture,2.0,1,0.9749090883481029,-0.5094381121516478,-0.9749090883481029,0.5094381121516478
camel6,2,1.0,0,gaussian_mixture,2.0,2,0.3190182636422707,-0.5167567883518095,-0.3190182636422707,0.5167567883518095
camel6,2,1.0,0,gaussian_mixture,2.0,3,2.3171439975936234,-0.267369865414265,-2.3171439975936234,0.267369865414265
camel6,2,1.0,0,gaussian_mixture,2.0,4,-1.1026635214195446,-2.4967787357311564,1.1026635214195446,2.4967787357311564
camel6,2,1.0,1,gaussian_mixture,2.0,0,2.1336109204931275,-0.3653375995299921,-2.1336109204931275,0.3653375995299921
camel6,2,1.0,1,gaussian_mixture,2.0,1,0.9749090883481029,-0.7666201667253945,-0.9749090883481029,0.7666201667253945
camel6,2,1.0,1,gaussian_mixture,2.0,2,0.14316327501315285,-0.42870968231967077,-0.14316327501315285,0.42870968231967077
camel6,2,1.0,1,gaussian_mixture,2.0,3,-0.3127824654642861,-0.07067986686198358,0.3127824654642861,0.07067986686198358
camel6,2,1.0,1,gaussian_mixture,2.0,4,-0.1985141306428524,-1.2059303061119375,0.1985141306428524,1.2059303061119375
camel6,2,1.0,2,gaussian_mixture,2.0,0,4.45506449943067,-0.49216368474264305,-4.45506449943067,0.49216368474264305
camel6,2,1.0,2,gaussian_mixture,2.0,1,0.9749090883481029,-0.3696157743137407,-0.9749090883481029,0.3696157743137407
camel6,2,1.0,2,gaussian_mixture,2.0,2,0.14316327501315285,-0.20520018806532814,-0.14316327501315285,0.20520018806532814
camel6,2,1.0,2,gaussian_mixture,2.0,3,-0.2574715396872653,-0.5246283795873588,0.2574715396872653,0.5246283795873588
camel6,2,1.0,2,gaussian_mixture,2.0,4,1.272847556862585,-0.4058524125422045,-1.272847556862585,0.4058524125422045
camel6,2,hw,0,gaussian_mixture,2.0,0,4.983647571362234,-0.05490029695794407,-4.983647571362234,0.05490029695794407
camel6,2,hw,0,gaussian_mixture,2.0,1,0.9749090883481029,-0.5094381121516478,-0.9749090883481029,0.5094381121516478
camel6,2,hw,0,gaussian_mixture,2.0,2,0.14316327501315285,-0.8402881868159365,-0.14316327501315285,0.8402881868159365
camel6,2,hw,0,gaussian_mixture,2.0,3,2.3199928326810992,-0.26502000388883007,-2.3199928326810992,0.26502000388883007
camel6,2,hw,0,gaussian_mixture,2.0,4,-1.0870744584862941,-2.5683909569620784,1.0870744584862941,2.5683909569620784
camel6,2,hw,1,gaussian_mixture,2.0,0,2.1335875905376382,-0.3653609294854814,-2.1335875905376382,0.3653609294854814
camel6,2,hw,1,gaussian_mixture,2.0,1,0.9749090883481029,-0.7666201667253945,-0.9749090883481029,0.7666201667253945
camel6,2,hw,1,gaussian_mixture,2.0,2,0.14316327501315285,-0.34458311140258857,-0.14316327501315285,0.34458311140258857
camel6,2,hw,1,gaussian_mixture,2.0,3,-0.31278659170241374,-0.07075646678761238,0.31278659170241374,0.07075646678761238
camel6,2,hw,1,gaussian_mixture,2.0,4,-0.18617762144528904,-1.20585668173802,0.18617762144528904,1.20585668173802
camel6,2,hw,2,gaussian_mixture,2.0,0,4.474980472045582,-0.4920784697113121,-4.474980472045582,0.4920784697113121
camel6,2,hw,2,gaussian_mixture,2.0,1,0.9749090883481029,-0.36987957077765343,-0.9749090883481029,0.36987957077765343
camel6,2,hw,2,gaussian_mixture,2.0,2,0.14316327501315285,-0.20518904473579236,-0.14316327501315285,0.20518904473579236
camel6,2,hw,2,gaussian_mixture,2.0,3,-0.2574708478083467,-0.5535494069205111,0.2574708478083467,0.5535494069205111
camel6,2,hw,2,gaussian_mixture,2.0,4,1.3059826465170727,-0.37271732288771675,-1.3059826465170727,0.37271732288771675
dixon_price,5,1.0,0,gaussian_mixture,2.0,0,-682.926451279863,-682.0867601058659,682.926451279863,682.0867601058659
dixon_price,5,1.0,0,gaussian_mixture,2.0,1,-509.9526940634685,-517.9889820025605,509.9526940634685,517.9889820025605
dixon_price,5,1.0,0,gaussian_mixture,2.0,2,-567.2539576642204,-566.5159511320142,567.2539576642204,566.5159511320142
dixon_price,5,1.0,0,gaussian_mixture,2.0,3,-1169.1782380280051,-1168.3178176255378,1169.1782380280051,1168.3178176255378
dixon_price,5,1.0,0,gaussian_mixture,2.0,4,-133.65012271636766,-134.43138177545904,133.65012271636766,134.43138177545904
dixon_price,5,1.0,1,gaussian_mixture,2.0,0,-114.56374132713621,-113.72405015313906,114.56374132713621,113.72405015313906
dixon_price,5,1.0,1,gaussian_mixture,2.0,1,-119.95749645729566,-121.45156658124418,119.95749645729566,121.45156658124418
dixon_price,5,1.0,1,gaussian_mixture,2.0,2,-17.80383447716376,-17.59998374654758,17.80383447716376,17.59998374654758
dixon_price,5,1.0,1,gaussian_mixture,2.0,3,-10.56596492064758,-9.90407025282505,10.56596492064758,9.90407025282505
dixon_price,5,1.0,1,gaussian_mixture,2.0,4,-97.04981404865629,-98.91649540019887,97.04981404865629,98.91649540019887
dixon_price,5,1.0,2,gaussian_mixture,2.0,0,-341.02870843741294,-339.4852959903481,341.02870843741294,339.4852959903481
dixon_price,5,1.0,2,gaussian_mixture,2.0,1,-81.5439415816185,-82.41838536434193,81.5439415816185,82.41838536434193
dixon_price,5,1.0,2,gaussian_mixture,2.0,2,-93.31453884134062,-93.76700898557856,93.31453884134062,93.76700898557856
dixon_price,5,1.0,2,gaussian_mixture,2.0,3,-2.4861616112175278,-3.188968173981374,2.4861616112175278,3.188968173981374
dixon_price,5,1.0,2,gaussian_mixture,2.0,4,-57.58700106955792,-58.67644941290489,57.58700106955792,58.67644941290489
dixon_price,5,hw,0,gaussian_mixture,2.0,0,-1816.2133684692494,-1815.3736772952523,1816.2133684692494,1815.3736772952523
dixon_price,5,hw,0,gaussian_mixture,2.0,1,-1351.3371513881023,-1359.3734393271943,1351.3371513881023,1359.3734393271943
dixon_price,5,hw,0,gaussian_mixture,2.0,2,-3246.083012889949,-3245.3450063577425,3246.083012889949,3245.3450063577425
dixon_price,5,hw,0,gaussian_mixture,2.0,3,-809.5446956502885,-808.6842752478213,809.5446956502885,808.6842752478213
dixon_price,5,hw,0,gaussian_mixture,2.0,4,-160.5032034307128,-161.28446248980418,160.5032034307128,161.28446248980418
dixon_price,5,hw,1,gaussian_mixture,2.0,0,-2.8545627310698287,-2.7643814846211736,2.8545627310698287,2.7643814846211736
dixon_price,5,hw,1,gaussian_mixture,2.0,1,-69.83614834442591,-70.0818643966471,69.83614834442591,70.0818643966471
dixon_price,5,hw,1,gaussian_mixture,2.0,2,-61.411634543128784,-61.002352714766204,61.411634543128784,61.002352714766204
dixon_price,5,hw,1,gaussian_mixture,2.0,3,-60.31723621318628,-59.456815810719064,60.31723621318628,59.456815810719064
dixon_price,5,hw,1,gaussian_mixture,2.0,4,-87.2496029843419,-89.11628433588449,87.2496029843419,89.11628433588449
dixon_price,5,hw,2,gaussian_mixture,2.0,0,-146.89817974298532,-145.92805225054107,146.89817974298532,145.92805225054107
dixon_price,5,hw,2,gaussian_mixture,2.0,1,-129.90821788879904,-128.5162362169315,129.90821788879904,128.5162362169315
dixon_price,5,hw,2,gaussian_mixture,2.0,2,-61.12274056282902,-60.787900873686944,61.12274056282902,60.787900873686944
dixon_price,5,hw,2,gaussian_mixture,2.0,3,-4.256166910848554,-4.9589734736124,4.256166910848554,4.9589734736124
dixon_price,5,hw,2,gaussian_mixture,2.0,4,-87.892251169194,-88.35086417599094,87.892251169194,88.35086417599094
dixon_price,10,1.0,0,gaussian_mixture,2.0,0,-379.61661056706816,-378.5307586156894,379.61661056706816,378.5307586156894
dixon_price,10,1.0,0,gaussian_mixture,2.0,1,-3668.263280803671,-3667.5338510361166,3668.263280803671,3667.5338510361166
dixon_price,10,1.0,0,gaussian_mixture,2.0,2,-892.2916166356125,-893.0066618670435,892.2916166356125,893.0066618670435
dixon_price,10,1.0,0,gaussian_mixture,2.0,3,-1295.6467463704541,-1293.9264000491123,1295.6467463704541,1293.9264000491123
dixon_price,10,1.0,0,gaussian_mixture,2.0,4,-399.64383065158694,-397.1034786945459,399.64383065158694,397.1034786945459
dixon_price,10,1.0,1,gaussian_mixture,2.0,0,-160.37060870830405,-161.28911809293388,160.37060870830405,161.28911809293388
dixon_price,10,1.0,1,gaussian_mixture,2.0,1,-594.0116252737772,-595.378032215298,594.0116252737772,595.378032215298
dixon_price,10,1.0,1,gaussian_mixture,2.0,2,-171.3303713177056,-172.54225155922333,171.3303713177056,172.54225155922333
dixon_price,10,1.0,1,gaussian_mixture,2.0,3,-234.49799921382285,-233.73077405391865,234.49799921382285,233.73077405391865
dixon_price,10,1.0,1,gaussian_mixture,2.0,4,-615.1717906926203,-616.2568490973937,615.1717906926203,616.2568490973937
dixon_price,10,1.0,2,gaussian_mixture,2.0,0,-174.0740450763994,-175.11712144391785,174.0740450763994,175.11712144391785
dixon_price,10,1.0,2,gaussian_mixture,2.0,1,-853.8744360215331,-852.8091635257722,853.8744360215331,852.8091635257722
dixon_price,10,1.0,2,gaussian_mixture,2.0,2,-568.486707131718,-568.1648019245614,568.486707131718,568.1648019245614
dixon_price,10,1.0,2,gaussian_mixture,2.0,3,-707.1842304996632,-707.0572797683192,707.1842304996632,707.0572797683192
dixon_price,10,1.0,2,gaussian_mixture,2.0,4,-477.89653181386757,-477.63490490042,477.89653181386757,477.63490490042
dixon_price,10,hw,0,gaussian_mixture,2.0,0,-826.3240773414458,-828.8226968254486,826.3240773414458,828.8226968254486
dixon_price,10,hw,0,gaussian_mixture,2.0,1,-11717.590186382038,-11717.061047513498,11717.590186382038,11717.061047513498
dixon_price,10,hw,0,gaussian_mixture,2.0,2,-413.47162166276246,-412.5033580068988,413.47162166276246,412.5033580068988
dixon_price,10,hw,0,gaussian_mixture,2.0,3,-2118.716936599357,-2116.996590278015,2118.716936599357,2116.996590278015
dixon_price,10,hw,0,gaussian_mixture,2.0,4,-304.7387932720051,-304.4022375711306,304.7387932720051,304.4022375711306
dixon_price,10,hw,1,gaussian_mixture,2.0,0,-463.6222816579246,-462.53642970654585,463.6222816579246,462.53642970654585
dixon_price,10,hw,1,gaussian_mixture,2.0,1,-549.9918536026823,-550.8826319577522,549.9918536026823,550.8826319577522
dixon_price,10,hw,1,gaussian_mixture,2.0,2,-424.8445145256492,-426.238545799118,424.8445145256492,426.238545799118
dixon_price,10,hw,1,gaussian_mixture,2.0,3,-395.89899092497507,-396.5491524401669,395.89899092497507,396.5491524401669
dixon_price,10,hw,1,gaussian_mixture,2.0,4,-1250.584191250665,-1251.7605612466498,1250.584191250665,1251.7605612466498
dixon_price,10,hw,2,gaussian_mixture,2.0,0,-721.0477835686106,-721.2823071761851,721.0477835686106,721.2823071761851
dixon_price,10,hw,2,gaussian_mixture,2.0,1,-745.2658411721702,-744.9063854856815,745.2658411721702,744.9063854856815
dixon_price,10,hw,2,gaussian_mixture,2.0,2,-553.1972215345603,-556.8071402012163,553.1972215345603,556.8071402012163
dixon_price,10,hw,2,gaussian_mixture,2.0,3,-325.701977667046,-326.803585837873,325.701977667046,326.803585837873
dixon_price,10,hw,2,gaussian_mixture,2.0,4,-407.67860731724477,-408.2779121996662,407.67860731724477,408.2779121996662
dejong5,2,1.0,0,gaussian_mixture,2.0,0,-131.31844493529115,-131.73850958944954,131.31844493529115,131.73850958944954
dejong5,2,1.0,0,gaussian_mixture,2.0,1,-466.5824919984973,-468.54629283758675,466.5824919984973,468.54629283758675
dejong5,2,1.0,0,gaussian_mixture,2.0,2,-488.71498290422875,-489.58181531524104,488.71498290422875,489.58181531524104
dejong5,2,1.0,0,gaussian_mixture,2.0,3,-10.452344623975135,-8.808862491591443,10.452344623975135,8.808862491591443
dejong5,2,1.0,0,gaussian_mixture,2.0,4,-483.41910072710624,-484.8805928058294,483.41910072710624,484.8805928058294
dejong5,2,1.0,1,gaussian_mixture,2.0,0,-102.23664494372734,-104.73559346375046,102.23664494372734,104.73559346375046
dejong5,2,1.0,1,gaussian_mixture,2.0,1,-177.3889737960897,-177.26317019916615,177.3889737960897,177.26317019916615
dejong5,2,1.0,1,gaussian_mixture,2.0,2,-8.73717040741013,-8.700249526129657,8.73717040741013,8.700249526129657
dejong5,2,1.0,1,gaussian_mixture,2.0,3,-59.296634239426,-56.39353921402773,59.296634239426,56.39353921402773
dejong5,2,1.0,1,gaussian_mixture,2.0,4,-466.5109536343034,-467.3504737020049,466.5109536343034,467.3504737020049
dejong5,2,1.0,2,gaussian_mixture,2.0,0,-481.8972556541637,-482.3173203083221,481.8972556541637,482.3173203083221
dejong5,2,1.0,2,gaussian_mixture,2.0,1,-15.521050852031486,-16.400651440281887,15.521050852031486,16.400651440281887
dejong5,2,1.0,2,gaussian_mixture,2.0,2,-305.72076487609263,-306.4747279469005,305.72076487609263,306.4747279469005
dejong5,2,1.0,2,gaussian_mixture,2.0,3,-17.119327314954795,-17.306305836106198,17.119327314954795,17.306305836106198
dejong5,2,1.0,2,gaussian_mixture,2.0,4,-339.08519032941706,-340.7638902988219,339.08519032941706,340.7638902988219
dejong5,2,hw,0,gaussian_mixture,2.0,0,-12.065307813817306,-12.731370408548143,12.065307813817306,12.731370408548143
dejong5,2,hw,0,gaussian_mixture,2.0,1,-438.78693497955754,-440.750735818647,438.78693497955754,440.750735818647
dejong5,2,hw,0,gaussian_mixture,2.0,2,-488.71498290422875,-489.58181531524104,488.71498290422875,489.58181531524104
dejong5,2,hw,0,gaussian_mixture,2.0,3,-10.452344623975135,-8.808862491591443,10.452344623975135,8.808862491591443
dejong5,2,hw,0,gaussian_mixture,2.0,4,-234.30809356090063,-235.7695856396238,234.30809356090063,235.7695856396238
dejong5,2,hw,1,gaussian_mixture,2.0,0,-102.23664494372734,-104.73559346375046,102.23664494372734,104.73559346375046
dejong5,2,hw,1,gaussian_mixture,2.0,1,-17.757418736635643,-18.137228347024024,17.757418736635643,18.137228347024024
dejong5,2,hw,1,gaussian_mixture,2.0,2,-309.1892624536209,-307.0193827034307,309.1892624536209,307.0193827034307
dejong5,2,hw,1,gaussian_mixture,2.0,3,-10.452344623975135,-8.808862491591443,10.452344623975135,8.808862491591443
dejong5,2,hw,1,gaussian_mixture,2.0,4,-113.19662936941093,-113.83313868789325,113.19662936941093,113.83313868789325
dejong5,2,hw,2,gaussian_mixture,2.0,0,-139.5901213305185,-140.07922842674733,139.5901213305185,140.07922842674733
dejong5,2,hw,2,gaussian_mixture,2.0,1,-15.24370879854282,-16.37656530739243,15.24370879854282,16.37656530739243
dejong5,2,hw,2,gaussian_mixture,2.0,2,-306.2443669697734,-306.99833004058127,306.2443669697734,306.99833004058127
dejong5,2,hw,2,gaussian_mixture,2.0,3,-8.990360998881776,-8.808862491591443,8.990360998881776,8.808862491591443
dejong5,2,hw,2,gaussian_mixture,2.0,4,-481.30819677689425,-480.8121658507028,481.30819677689425,480.8121658507028
easom,2,1.0,0,gaussian_mixture,2.0,0,4.114385486674155,-1.0,-4.114385486674155,1.0
easom,2,1.0,0,gaussian_mixture,2.0,1,2.0605897514385645,-1.0,-2.0605897514385645,1.0
easom,2,1.0,0,gaussian_mixture,2.0,2,0.6614273334354344,-1.0,-0.6614273334354344,1.0
easom,2,1.0,0,gaussian_mixture,2.0,3,1.9414971066003206,-1.0,-1.9414971066003206,1.0
easom,2,1.0,0,gaussian_mixture,2.0,4,0.879050004204676,-1.0,-0.879050004204676,1.0
easom,2,1.0,1,gaussian_mixture,2.0,0,4.114385486674155,-1.0,-4.114385486674155,1.0
easom,2,1.0,1,gaussian_mixture,2.0,1,2.0605897514385645,-1.0,-2.0605897514385645,1.0
easom,2,1.0,1,gaussian_mixture,2.0,2,0.6614273334354344,-1.0,-0.6614273334354344,1.0
easom,2,1.0,1,gaussian_mixture,2.0,3,1.9414971066003206,-1.0,-1.9414971066003206,1.0
easom,2,1.0,1,gaussian_mixture,2.0,4,0.879050004204676,-1.0,-0.879050004204676,1.0
easom,2,1.0,2,gaussian_mixture,2.0,0,4.114385486674155,-1.0,-4.114385486674155,1.0
easom,2,1.0,2,gaussian_mixture,2.0,1,2.0605897514385645,-1.0,-2.0605897514385645,1.0
easom,2,1.0,2,gaussian_mixture,2.0,2,0.6614273334354344,-1.0,-0.6614273334354344,1.0
easom,2,1.0,2,gaussian_mixture,2.0,3,1.9414971066003206,-1.0,-1.9414971066003206,1.0
easom,2,1.0,2,gaussian_mixture,2.0,4,0.879050004204676,-1.0,-0.879050004204676,1.0
easom,2,hw,0,gaussian_mixture,2.0,0,4.114385486674155,-1.0,-4.114385486674155,1.0
easom,2,hw,0,gaussian_mixture,2.0,1,2.0605897514385645,-1.0,-2.0605897514385645,1.0
easom,2,hw,0,gaussian_mixture,2.0,2,0.6614273334354344,-1.0,-0.6614273334354344,1.0
easom,2,hw,0,gaussian_mixture,2.0,3,1.9414971066003206,-1.0,-1.9414971066003206,1.0
easom,2,hw,0,gaussian_mixture,2.0,4,0.879050004204676,-1.0,-0.879050004204676,1.0
easom,2,hw,1,gaussian_mixture,2.0,0,4.114385486674155,-1.0,-4.114385486674155,1.0
easom,2,hw,1,gaussian_mixture,2.0,1,2.0605897514385645,-1.0,-2.0605897514385645,1.0
easom,2,hw,1,gaussian_mixture,2.0,2,0.6614273334354344,-1.0,-0.6614273334354344,1.0
easom,2,hw,1,gaussian_mixture,2.0,3,1.9414971066003206,-1.0,-1.9414971066003206,1.0
easom,2,hw,1,gaussian_mixture,2.0,4,0.879050004204676,-1.0,-0.879050004204676,1.0
easom,2,hw,2,gaussian_mixture,2.0,0,4.114385486674155,-1.0,-4.114385486674155,1.0
easom,2,hw,2,gaussian_mixture,2.0,1,2.0605897514385645,-1.0,-2.0605897514385645,1.0
easom,2,hw,2,gaussian_mixture,2.0,2,0.6614273334354344,-1.0,-0.6614273334354344,1.0
easom,2,hw,2,gaussian_mixture,2.0,3,1.9414971066003206,-1.0,-1.9414971066003206,1.0
easom,2,hw,2,gaussian_mixture,2.0,4,0.879050004204676,-1.0,-0.879050004204676,1.0
michalewicz,5,1.0,0,gaussian_mixture,2.0,0,6.111250903417056,1.8761099001080572,,
michalewicz,5,1.0,0,gaussian_mixture,2.0,1,8.036386958832871,1.6875432394935028,,
michalewicz,5,1.0,0,gaussian_mixture,2.0,2,7.128866362121548,2.156079049020012,,
michalewicz,5,1.0,0,gaussian_mixture,2.0,3,5.953869141327062,1.7515196183616801,,
michalewicz,5,1.0,0,gaussian_mixture,2.0,4,2.941276610451765,1.8046454462442996,,
michalewicz,5,1.0,1,gaussian_mixture,2.0,0,6.111250903417056,1.8761099001080572,,
michalewicz,5,1.0,1,gaussian_mixture,2.0,1,8.036386958832871,1.6875432394935028,,
michalewicz,5,1.0,1,gaussian_mixture,2.0,2,7.128866362121548,2.156079049020012,,
michalewicz,5,1.0,1,gaussian_mixture,2.0,3,5.890891022656128,2.5316296273016685,,
michalewicz,5,1.0,1,gaussian_mixture,2.0,4,3.3851890930330657,1.8046454462442996,,
michalewicz,5,1.0,2,gaussian_mixture,2.0,0,6.111250903417056,1.8761099001080572,,
michalewicz,5,1.0,2,gaussian_mixture,2.0,1,8.877095268503558,2.258523380572761,,
michalewicz,5,1.0,2,gaussian_mixture,2.0,2,7.128866362121548,2.156079049020012,,
michalewicz,5,1.0,2,gaussian_mixture,2.0,3,6.818940864818059,1.4652437767593147,,
michalewicz,5,1.0,2,gaussian_mixture,2.0,4,3.208597904471561,1.8816830151524055,,
michalewicz,5,hw,0,gaussian_mixture,2.0,0,6.111250903417056,1.8761099001080572,,
michalewicz,5,hw,0,gaussian_mixture,2.0,1,8.036386958832871,1.6875432394935028,,
michalewicz,5,hw,0,gaussian_mixture,2.0,2,7.128866362121548,2.156079049020012,,
michalewicz,5,hw,0,gaussian_mixture,2.0,3,6.382170800299852,2.7753356366344106,,
michalewicz,5,hw,0,gaussian_mixture,2.0,4,3.168880865732083,1.8046454462442996,,
michalewicz,5,hw,1,gaussian_mixture,2.0,0,6.111250903417056,1.9360763208647396,,
michalewicz,5,hw,1,gaussian_mixture,2.0,1,8.036386958832871,1.6875432394935028,,
michalewicz,5,hw,1,gaussian_mixture,2.0,2,7.128866362121548,2.156079049020012,,
michalewicz,5,hw,1,gaussian_mixture,2.0,3,6.022236134825126,3.048691325689575,,
michalewicz,5,hw,1,gaussian_mixture,2.0,4,3.809973723516041,2.3487062595635515,,
michalewicz,5,hw,2,gaussian_mixture,2.0,0,6.111250903417056,2.228395573025016,,
michalewicz,5,hw,2,gaussian_mixture,2.0,1,8.877095268503558,2.258523380572761,,
michalewicz,5,hw,2,gaussian_mixture,2.0,2,7.128866362121548,2.156079049020012,,
michalewicz,5,hw,2,gaussian_mixture,2.0,3,6.818940864818059,1.4652437767593147,,
michalewicz,5,hw,2,gaussian_mixture,2.0,4,3.279526528654538,2.9922726013092324,,
michalewicz,10,1.0,0,gaussian_mixture,2.0,0,11.768804063303211,3.875104250279196,,
michalewicz,10,1.0,0,gaussian_mixture,2.0,1,13.217169176939029,3.0393495531811263,,
michalewicz,10,1.0,0,gaussian_mixture,2.0,2,12.469925299669146,3.2297818232834126,,
michalewicz,10,1.0,0,gaussian_mixture,2.0,3,12.90574951341108,3.532790279693823,,
michalewicz,10,1.0,0,gaussian_mixture,2.0,4,13.675023681805074,3.417232668205912,,
michalewicz,10,1.0,1,gaussian_mixture,2.0,0,11.768804063303211,3.875104250279196,,
michalewicz,10,1.0,1,gaussian_mixture,2.0,1,13.217169176939029,3.0393495531811263,,
michalewicz,10,1.0,1,gaussian_mixture,2.0,2,12.469925299669146,3.2297818232834126,,
michalewicz,10,1.0,1,gaussian_mixture,2.0,3,12.90574951341108,3.532790279693823,,
michalewicz,10,1.0,1,gaussian_mixture,2.0,4,13.675023681805074,3.558963031976152,,
michalewicz,10,1.0,2,gaussian_mixture,2.0,0,11.768804063303211,3.875104250279196,,
michalewicz,10,1.0,2,gaussian_mixture,2.0,1,13.217169176939029,3.0393495531811263,,
michalewicz,10,1.0,2,gaussian_mixture,2.0,2,12.469925299669146,3.2297818232834126,,
michalewicz,10,1.0,2,gaussian_mixture,2.0,3,12.90574951341108,3.532790279693823,,
michalewicz,10,1.0,2,gaussian_mixture,2.0,4,13.675023681805074,3.558963031976152,,
michalewicz,10,hw,0,gaussian_mixture,2.0,0,11.768804063303211,3.875104250279196,,
michalewicz,10,hw,0,gaussian_mixture,2.0,1,13.217169176939029,3.0393495531811263,,
michalewicz,10,hw,0,gaussian_mixture,2.0,2,12.469925299669146,3.2297818232834126,,
michalewicz,10,hw,0,gaussian_mixture,2.0,3,12.90574951341108,3.532790279693823,,
michalewicz,10,hw,0,gaussian_mixture,2.0,4,13.675023681805074,3.558963031976152,,
michalewicz,10,hw,1,gaussian_mixture,2.0,0,11.768804063303211,3.875104250279196,,
michalewicz,10,hw,1,gaussian_mixture,2.0,1,13.217169176939029,3.0393495531811263,,
michalewicz,10,hw,1,gaussian_mixture,2.0,2,12.469925299669146,3.2297818232834126,,
michalewicz,10,hw,1,gaussian_mixture,2.0,3,12.90574951341108,3.532790279693823,,
michalewicz,10,hw,1,gaussian_mixture,2.0,4,13.675023681805074,3.558963031976152,,
michalewicz,10,hw,2,gaussian_mixture,2.0,0,11.768804063303211,3.875104250279196,,
michalewicz,10,hw,2,gaussian_mixture,2.0,1,13.217169176939029,3.0393495531811263,,
michalewicz,10,hw,2,gaussian_mixture,2.0,2,12.469925299669146,3.2297818232834126,,
michalewicz,10,hw,2,gaussian_mixture,2.0,3,12.90574951341108,3.532790279693823,,
michalewicz,10,hw,2,gaussian_mixture,2.0,4,13.675023681805074,3.558963031976152,,
beale,2,1.0,0,gaussian_mixture,2.0,0,0.5308217518887606,-4.07380649382389,-0.5308217518887606,4.07380649382389
beale,2,1.0,0,gaussian_mixture,2.0,1,0.6594168653829526,-0.8511119164615438,-0.6594168653829526,0.8511119164615438
beale,2,1.0,0,gaussian_mixture,2.0,2,-0.08237258168546147,-0.8243646406248187,0.08237258168546147,0.8243646406248187
beale,2,1.0,0,gaussian_mixture,2.0,3,-32.36505417893767,-31.247636043498623,32.36505417893767,31.247636043498623
beale,2,1.0,0,gaussian_mixture,2.0,4,0.7282633437768087,-0.3259446236958267,-0.7282633437768087,0.3259446236958267
beale,2,1.0,1,gaussian_mixture,2.0,0,-4.8557964609024795,-5.344903557131311,4.8557964609024795,5.344903557131311
beale,2,1.0,1,gaussian_mixture,2.0,1,-0.5393297671134709,-0.002865514785007594,0.5393297671134709,0.002865514785007594
beale,2,1.0,1,gaussian_mixture,2.0,2,-4.1501554505907645,-1.9802757004005882,4.1501554505907645,1.9802757004005882
beale,2,1.0,1,gaussian_mixture,2.0,3,-2.319727373564382,-2.5067058947157834,2.319727373564382,2.5067058947157834
beale,2,1.0,1,gaussian_mixture,2.0,4,-0.9888810919857833,-2.6668157623826794,0.9888810919857833,2.6668157623826794
beale,2,1.0,2,gaussian_mixture,2.0,0,-4.597152872190364,-5.331362721891554,4.597152872190364,5.331362721891554
beale,2,1.0,2,gaussian_mixture,2.0,1,-4.056132585324887,-3.7197637170423006,4.056132585324887,3.7197637170423006
beale,2,1.0,2,gaussian_mixture,2.0,2,-1.7596690763523557,-1.8522598044713843,1.7596690763523557,1.8522598044713843
beale,2,1.0,2,gaussian_mixture,2.0,3,1.7581367305783466,-0.3144459878062419,-1.7581367305783466,0.3144459878062419
beale,2,1.0,2,gaussian_mixture,2.0,4,1.3250072984193073,-0.5540427057853687,-1.3250072984193073,0.5540427057853687
beale,2,hw,0,gaussian_mixture,2.0,0,0.4573964348399464,-4.229065417254036,-0.4573964348399464,4.229065417254036
beale,2,hw,0,gaussian_mixture,2.0,1,1.2914220587413543,-0.5269158216554448,-1.2914220587413543,0.5269158216554448
beale,2,hw,0,gaussian_mixture,2.0,2,-1.2529142550994659,-2.061733250139796,1.2529142550994659,2.061733250139796
beale,2,hw,0,gaussian_mixture,2.0,3,-12.588590958765318,-12.122081350758826,12.588590958765318,12.122081350758826
beale,2,hw,0,gaussian_mixture,2.0,4,0.49578737198255474,-0.2859297070662531,-0.49578737198255474,0.2859297070662531
beale,2,hw,1,gaussian_mixture,2.0,0,-4.855657866716697,-5.344764962945529,4.855657866716697,5.344764962945529
beale,2,hw,1,gaussian_mixture,2.0,1,-1.0438913582264655,-0.007587160335295131,1.0438913582264655,0.007587160335295131
beale,2,hw,1,gaussian_mixture,2.0,2,-4.151692269732536,-1.9818125195423595,4.151692269732536,1.9818125195423595
beale,2,hw,1,gaussian_mixture,2.0,3,-2.2239465490608747,-2.410925070212276,2.2239465490608747,2.410925070212276
beale,2,hw,1,gaussian_mixture,2.0,4,-0.9888801735422399,-2.666814843939136,0.9888801735422399,2.666814843939136
beale,2,hw,2,gaussian_mixture,2.0,0,-4.597195869965811,-5.331405719667001,4.597195869965811,5.331405719667001
beale,2,hw,2,gaussian_mixture,2.0,1,-4.036930692718955,-3.7005618244363685,4.036930692718955,3.7005618244363685
beale,2,hw,2,gaussian_mixture,2.0,2,-1.7596420041041787,-1.8522327322232073,1.7596420041041787,1.8522327322232073
beale,2,hw,2,gaussian_mixture,2.0,3,1.7581052642949115,-0.31447745408967687,-1.7581052642949115,0.31447745408967687
beale,2,hw,2,gaussian_mixture,2.0,4,1.3249856742712625,-0.5540643299334136,-1.3249856742712625,0.5540643299334136
branin,2,1.0,0,gaussian_mixture,2.0,0,2.431018261382273,-1.9899871637034874,-2.431018261382273,1.9899871637034874
branin,2,1.0,0,gaussian_mixture,2.0,1,-8.599200838832283,-10.563001677921767,8.599200838832283,10.563001677921767
branin,2,1.0,0,gaussian_mixture,2.0,2,-1.5381198402526852,-1.2785633214328094,1.5381198402526852,1.2785633214328094
branin,2,1.0,0,gaussian_mixture,2.0,3,-9.302326351501504,-9.235051556723432,9.302326351501504,9.235051556723432
branin,2,1.0,0,gaussian_mixture,2.0,4,-2.2912690711341055,-4.1703190753387815,2.2912690711341055,4.1703190753387815
branin,2,1.0,1,gaussian_mixture,2.0,0,-0.8756518649958519,-0.9192770663676395,0.8756518649958519,0.9192770663676395
branin,2,1.0,1,gaussian_mixture,2.0,1,-0.859583052104441,-0.7337794551808976,0.859583052104441,0.7337794551808976
branin,2,1.0,1,gaussian_mixture,2.0,2,-2.0828286001842,-1.660316139653517,2.0828286001842,1.660316139653517
branin,2,1.0,1,gaussian_mixture,2.0,3,1.3888048158463002,-0.03168260602660844,-1.3888048158463002,0.03168260602660844
branin,2,1.0,1,gaussian_mixture,2.0,4,1.432586196728032,-0.2461137726767575,-1.432586196728032,0.2461137726767575
branin,2,1.0,2,gaussian_mixture,2.0,0,1.587568301966186,-0.9113802180569337,-1.587568301966186,0.9113802180569337
branin,2,1.0,2,gaussian_mixture,2.0,1,-0.8178771191910221,-1.9507336280406316,0.8178771191910221,1.9507336280406316
branin,2,1.0,2,gaussian_mixture,2.0,2,-0.763212379528813,-0.8713494747069124,0.763212379528813,0.8713494747069124
branin,2,1.0,2,gaussian_mixture,2.0,3,-0.04420941239163456,-0.37862398766787386,0.04420941239163456,0.37862398766787386
branin,2,1.0,2,gaussian_mixture,2.0,4,-0.16475326797496728,-0.1055760432155104,0.16475326797496728,0.1055760432155104
branin,2,hw,0,gaussian_mixture,2.0,0,1.949609314911756,-1.666115369312113,-1.949609314911756,1.666115369312113
branin,2,hw,0,gaussian_mixture,2.0,1,-8.599200838832283,-10.563001677921767,8.599200838832283,10.563001677921767
branin,2,hw,0,gaussian_mixture,2.0,2,-1.1988895918923732,-1.3570753610693504,1.1988895918923732,1.3570753610693504
branin,2,hw,0,gaussian_mixture,2.0,3,-7.621504571321446,-10.563001677921767,7.621504571321446,10.563001677921767
branin,2,hw,0,gaussian_mixture,2.0,4,-2.2912690711341055,-4.1703190753387815,2.2912690711341055,4.1703190753387815
branin,2,hw,1,gaussian_mixture,2.0,0,2.3921212715785685,-0.10682724844455116,-2.3921212715785685,0.10682724844455116
branin,2,hw,1,gaussian_mixture,2.0,1,-0.7390202516897811,-1.5492852582944234,0.7390202516897811,1.5492852582944234
branin,2,hw,1,gaussian_mixture,2.0,2,-2.3236110586669665,-1.5843872850618421,2.3236110586669665,1.5843872850618421
branin,2,hw,1,gaussian_mixture,2.0,3,1.3791387146516163,-0.024269829389428565,-1.3791387146516163,0.024269829389428565
branin,2,hw,1,gaussian_mixture,2.0,4,1.4325670076126864,-0.2461329617921031,-1.4325670076126864,0.2461329617921031
branin,2,hw,2,gaussian_mixture,2.0,0,-2.0533752010682638,-0.20673466462886125,2.0533752010682638,0.20673466462886125
branin,2,hw,2,gaussian_mixture,2.0,1,-0.8205261579817855,-1.953382666831395,0.8205261579817855,1.953382666831395
branin,2,hw,2,gaussian_mixture,2.0,2,-1.0276408887026278,-0.5393062719551533,1.0276408887026278,0.5393062719551533
branin,2,hw,2,gaussian_mixture,2.0,3,0.04927100661488781,-1.5560123420849177,-0.04927100661488781,1.5560123420849177
branin,2,hw,2,gaussian_mixture,2.0,4,-0.1647430879555887,-0.10556586319613182,0.1647430879555887,0.10556586319613182
colville,4,1.0,0,gaussian_mixture,2.0,0,-76.79876070890103,-77.70048753698433,76.79876070890103,77.70048753698433
colville,4,1.0,0,gaussian_mixture,2.0,1,-767.240676679875,-766.8803436059912,767.240676679875,766.8803436059912
colville,4,1.0,0,gaussian_mixture,2.0,2,-4362.768101084806,-4363.710135939393,4362.768101084806,4363.710135939393
colville,4,1.0,0,gaussian_mixture,2.0,3,-282.28905130120074,-280.25472683866667,282.28905130120074,280.25472683866667
colville,4,1.0,0,gaussian_mixture,2.0,4,-4078.355788678521,-4079.485211673997,4078.355788678521,4079.485211673997
colville,4,1.0,1,gaussian_mixture,2.0,0,-213.40721527982637,-213.33319686639962,213.40721527982637,213.33319686639962
colville,4,1.0,1,gaussian_mixture,2.0,1,-47.07538090759689,-47.22473884023147,47.07538090759689,47.22473884023147
colville,4,1.0,1,gaussian_mixture,2.0,2,-2959.5845989626914,-2959.4088641295825,2959.5845989626914,2959.4088641295825
colville,4,1.0,1,gaussian_mixture,2.0,3,-1239.8034470551293,-1239.1495263470076,1239.8034470551293,1239.1495263470076
colville,4,1.0,1,gaussian_mixture,2.0,4,-415.881257223992,-410.1423852549342,415.881257223992,410.1423852549342
colville,4,1.0,2,gaussian_mixture,2.0,0,-332.25608539073664,-332.7584207625806,332.25608539073664,332.7584207625806
colville,4,1.0,2,gaussian_mixture,2.0,1,-112.16153351326989,-111.37481011262692,112.16153351326989,111.37481011262692
colville,4,1.0,2,gaussian_mixture,2.0,2,-2877.6869163166225,-2876.166393113282,2877.6869163166225,2876.166393113282
colville,4,1.0,2,gaussian_mixture,2.0,3,-491.12772431126945,-490.810943830081,491.12772431126945,490.810943830081
colville,4,1.0,2,gaussian_mixture,2.0,4,-272.1195840166076,-272.6668331890486,272.1195840166076,272.6668331890486
colville,4,hw,0,gaussian_mixture,2.0,0,-206.19569358033283,-197.06011609476417,206.19569358033283,197.06011609476417
colville,4,hw,0,gaussian_mixture,2.0,1,-133.8875754454682,-133.52724237158446,133.8875754454682,133.52724237158446
colville,4,hw,0,gaussian_mixture,2.0,2,-6084.312919367428,-6085.254954222014,6084.312919367428,6085.254954222014
colville,4,hw,0,gaussian_mixture,2.0,3,-316.05585447385045,-314.0215300113164,316.05585447385045,314.0215300113164
colville,4,hw,0,gaussian_mixture,2.0,4,-3660.704926546357,-3661.834349541833,3660.704926546357,3661.834349541833
colville,4,hw,1,gaussian_mixture,2.0,0,-213.40543263896345,-213.3314142255367,213.40543263896345,213.3314142255367
colville,4,hw,1,gaussian_mixture,2.0,1,-49.950125481068916,-50.099483413703496,49.950125481068916,50.099483413703496
colville,4,hw,1,gaussian_mixture,2.0,2,-806.6979996474462,-806.7095027064345,806.6979996474462,806.7095027064345
colville,4,hw,1,gaussian_mixture,2.0,3,-1239.8034470551293,-1239.1495263470076,1239.8034470551293,1239.1495263470076
colville,4,hw,1,gaussian_mixture,2.0,4,-745.9615713932325,-745.5741854656632,745.9615713932325,745.5741854656632
colville,4,hw,2,gaussian_mixture,2.0,0,-332.67467688856647,-333.17701226041044,332.67467688856647,333.17701226041044
colville,4,hw,2,gaussian_mixture,2.0,1,-263.368809899587,-264.10399543316686,263.368809899587,264.10399543316686
colville,4,hw,2,gaussian_mixture,2.0,2,-801.9943248073806,-801.3255425028237,801.9943248073806,801.3255425028237
colville,4,hw,2,gaussian_mixture,2.0,3,-272.2813767413044,-272.0629595193109,272.2813767413044,272.0629595193109
colville,4,hw,2,gaussian_mixture,2.0,4,-606.7442703965762,-607.2539925795553,606.7442703965762,607.2539925795553
forrester08,1,1.0,0,gaussian_mixture,2.0,0,1.1800603039134476,-0.0040899914539416216,-1.1800603039134476,0.0040899914539416216
forrester08,1,1.0,0,gaussian_mixture,2.0,1,6.96001936379733,-0.2291310593551792,-6.96001936379733,0.2291310593551792
forrester08,1,1.0,0,gaussian_mixture,2.0,2,2.35605448702709,-0.45082157850639515,-2.35605448702709,0.45082157850639515
forrester08,1,1.0,0,gaussian_mixture,2.0,3,0.19377022928234044,-0.17549078842117716,-0.19377022928234044,0.17549078842117716
forrester08,1,1.0,0,gaussian_mixture,2.0,4,-0.7861760953356689,-0.5436688741766673,0.7861760953356689,0.5436688741766673
forrester08,1,1.0,1,gaussian_mixture,2.0,0,0.7615725477771311,-0.27373702449515847,-0.7615725477771311,0.27373702449515847
forrester08,1,1.0,1,gaussian_mixture,2.0,1,7.59799575576405,-0.006014749021734822,-7.59799575576405,0.006014749021734822
forrester08,1,1.0,1,gaussian_mixture,2.0,2,2.885658228404366,-0.005633020018878554,-2.885658228404366,0.005633020018878554
forrester08,1,1.0,1,gaussian_mixture,2.0,3,1.0925481074383407,-0.0009662562892760462,-1.0925481074383407,0.0009662562892760462
forrester08,1,1.0,1,gaussian_mixture,2.0,4,-0.8425488832903831,-0.35672643635612733,0.8425488832903831,0.35672643635612733
forrester08,1,1.0,2,gaussian_mixture,2.0,0,1.2910167034571247,-0.007661323628746608,-1.2910167034571247,0.007661323628746608
forrester08,1,1.0,2,gaussian_mixture,2.0,1,4.804659245556131,-0.6419445858959927,-4.804659245556131,0.6419445858959927
forrester08,1,1.0,2,gaussian_mixture,2.0,2,2.7032286408547463,-0.0020029141541977324,-2.7032286408547463,0.0020029141541977324
forrester08,1,1.0,2,gaussian_mixture,2.0,3,0.9941087055969238,-0.1283400832142476,-0.9941087055969238,0.1283400832142476
forrester08,1,1.0,2,gaussian_mixture,2.0,4,-0.7903641849822038,-0.029226523956472406,0.7903641849822038,0.029226523956472406
forrester08,1,hw,0,gaussian_mixture,2.0,0,1.294671939612334,-0.06328290538454695,-1.294671939612334,0.06328290538454695
forrester08,1,hw,0,gaussian_mixture,2.0,1,7.512280727980196,-8.390298389127082e-05,-7.512280727980196,8.390298389127082e-05
forrester08,1,hw,0,gaussian_mixture,2.0,2,2.3313329003022076,-0.45082157850639515,-2.3313329003022076,0.45082157850639515
forrester08,1,hw,0,gaussian_mixture,2.0,3,0.19377022928234044,-0.17549078842117716,-0.19377022928234044,0.17549078842117716
forrester08,1,hw,0,gaussian_mixture,2.0,4,-0.8131088085493583,-0.25643169190377524,0.8131088085493583,0.25643169190377524
forrester08,1,hw,1,gaussian_mixture,2.0,0,0.7615725477771311,-0.27373705411345206,-0.7615725477771311,0.27373705411345206
forrester08,1,hw,1,gaussian_mixture,2.0,1,6.6874007056704405,-0.6419445858959927,-6.6874007056704405,0.6419445858959927
forrester08,1,hw,1,gaussian_mixture,2.0,2,1.7242893615026018,-0.04257072311802279,-1.7242893615026018,0.04257072311802279
forrester08,1,hw,1,gaussian_mixture,2.0,3,1.0925481951349685,-0.0009691772435189705,-1.0925481951349685,0.0009691772435189705
forrester08,1,hw,1,gaussian_mixture,2.0,4,-0.8425488832903831,-0.34510067456288773,0.8425488832903831,0.34510067456288773
forrester08,1,hw,2,gaussian_mixture,2.0,0,0.9545289639701253,-7.60576147484926e-06,-0.9545289639701253,7.60576147484926e-06
forrester08,1,hw,2,gaussian_mixture,2.0,1,4.804659245556131,-0.6419418321456174,-4.804659245556131,0.6419418321456174
forrester08,1,hw,2,gaussian_mixture,2.0,2,2.925470097914334,-0.00201536432203131,-2.925470097914334,0.00201536432203131
forrester08,1,hw,2,gaussian_mixture,2.0,3,0.9941073258984439,-0.1283400832142476,-0.9941073258984439,0.1283400832142476
forrester08,1,hw,2,gaussian_mixture,2.0,4,-0.7946544503434969,-0.03351678931776547,0.7946544503434969,0.03351678931776547
goldstein_price,2,1.0,0,gaussian_mixture,2.0,0,-784.0536086093841,-781.0820114986154,784.0536086093841,781.0820114986154
goldstein_price,2,1.0,0,gaussian_mixture,2.0,1,-185.78465514764588,-186.16446475803426,185.78465514764588,186.16446475803426
goldstein_price,2,1.0,0,gaussian_mixture,2.0,2,-28.608754232812654,-29.825432813210718,28.608754232812654,29.825432813210718
goldstein_price,2,1.0,0,gaussian_mixture,2.0,3,-132.15757214519098,-132.34455066634237,132.15757214519098,132.34455066634237
goldstein_price,2,1.0,0,gaussian_mixture,2.0,4,-80.03853792590164,-80.28300591803786,80.03853792590164,80.28300591803786
goldstein_price,2,1.0,1,gaussian_mixture,2.0,0,-2.5387219256808145,-2.595064618138953,2.5387219256808145,2.595064618138953
goldstein_price,2,1.0,1,gaussian_mixture,2.0,1,-0.4564196098284372,-0.8073342944965218,0.4564196098284372,0.8073342944965218
goldstein_price,2,1.0,1,gaussian_mixture,2.0,2,-28.608754232812654,-29.921691303246206,28.608754232812654,29.921691303246206
goldstein_price,2,1.0,1,gaussian_mixture,2.0,3,-58.39080650777339,-59.31440848662294,58.39080650777339,59.31440848662294
goldstein_price,2,1.0,1,gaussian_mixture,2.0,4,-76.00610702636288,-77.46759910508607,76.00610702636288,77.46759910508607
goldstein_price,2,1.0,2,gaussian_mixture,2.0,0,-29.40469954752645,-28.42059629970758,29.40469954752645,28.42059629970758
goldstein_price,2,1.0,2,gaussian_mixture,2.0,1,-8.63828960181046,-9.018099212198843,8.63828960181046,9.018099212198843
goldstein_price,2,1.0,2,gaussian_mixture,2.0,2,-28.608754232812654,-29.921691303246206,28.608754232812654,29.921691303246206
goldstein_price,2,1.0,2,gaussian_mixture,2.0,3,-53.682848034945266,-54.21025947957871,53.682848034945266,54.21025947957871
goldstein_price,2,1.0,2,gaussian_mixture,2.0,4,-10.876013060203324,-10.379982134011845,10.876013060203324,10.379982134011845
goldstein_price,2,hw,0,gaussian_mixture,2.0,0,-388.15830287277726,-385.1867057620085,388.15830287277726,385.1867057620085
goldstein_price,2,hw,0,gaussian_mixture,2.0,1,-193.6929548052963,-194.07276441568467,193.6929548052963,194.07276441568467
goldstein_price,2,hw,0,gaussian_mixture,2.0,2,-28.608754232812654,-29.82358577068826,28.608754232812654,29.82358577068826
goldstein_price,2,hw,0,gaussian_mixture,2.0,3,-231.8480482610103,-232.03502678216168,231.8480482610103,232.03502678216168
goldstein_price,2,hw,0,gaussian_mixture,2.0,4,-87.16322507974205,-87.4571986426569,87.16322507974205,87.4571986426569
goldstein_price,2,hw,1,gaussian_mixture,2.0,0,-2.5450227593653922,-2.601365451823531,2.5450227593653922,2.601365451823531
goldstein_price,2,hw,1,gaussian_mixture,2.0,1,-0.4474050160833267,-0.7983197007514113,0.4474050160833267,0.7983197007514113
goldstein_price,2,hw,1,gaussian_mixture,2.0,2,-28.608754232812654,-29.921691303246206,28.608754232812654,29.921691303246206
goldstein_price,2,hw,1,gaussian_mixture,2.0,3,-58.3964599063879,-59.32006188523745,58.3964599063879,59.32006188523745
goldstein_price,2,hw,1,gaussian_mixture,2.0,4,-75.90111285354006,-77.36260493226324,75.90111285354006,77.36260493226324
goldstein_price,2,hw,2,gaussian_mixture,2.0,0,-29.40789269409959,-28.42378944628072,29.40789269409959,28.42378944628072
goldstein_price,2,hw,2,gaussian_mixture,2.0,1,-9.63305420145561,-10.012863811843994,9.63305420145561,10.012863811843994
goldstein_price,2,hw,2,gaussian_mixture,2.0,2,-28.608754232812654,-29.921691303246206,28.608754232812654,29.921691303246206
goldstein_price,2,hw,2,gaussian_mixture,2.0,3,-53.68351179569256,-54.210923240326004,53.68351179569256,54.210923240326004
goldstein_price,2,hw,2,gaussian_mixture,2.0,4,-10.873662927246862,-10.377632001055384,10.873662927246862,10.377632001055384
hartmann3,3,1.0,0,gaussian_mixture,2.0,0,4.39475942724142,3.246854164398587,,
hartmann3,3,1.0,0,gaussian_mixture,2.0,1,12.205412152341959,3.3108597392978165,,
hartmann3,3,1.0,0,gaussian_mixture,2.0,2,2.214351467261846,1.987315810311401,,
hartmann3,3,1.0,0,gaussian_mixture,2.0,3,3.855893186921275,3.312273989485594,,
hartmann3,3,1.0,0,gaussian_mixture,2.0,4,9.909996172658367,2.6759552238038875,,
hartmann3,3,1.0,1,gaussian_mixture,2.0,0,4.577205961361454,3.6143172923193534,,
hartmann3,3,1.0,1,gaussian_mixture,2.0,1,12.003501837273628,3.7057763656039464,,
hartmann3,3,1.0,1,gaussian_mixture,2.0,2,2.6162034765176236,2.7451039942801003,,
hartmann3,3,1.0,1,gaussian_mixture,2.0,3,5.754734284658046,3.4724061281946357,,
hartmann3,3,1.0,1,gaussian_mixture,2.0,4,11.149532853628122,3.8241105218169857,,
hartmann3,3,1.0,2,gaussian_mixture,2.0,0,4.39475942724142,2.644289077457426,,
hartmann3,3,1.0,2,gaussian_mixture,2.0,1,12.780352881233952,3.812430763387691,,
hartmann3,3,1.0,2,gaussian_mixture,2.0,2,4.6987223725360305,3.0475245200482917,,
hartmann3,3,1.0,2,gaussian_mixture,2.0,3,5.796820133193288,3.370910959256913,,
hartmann3,3,1.0,2,gaussian_mixture,2.0,4,11.149532853628122,3.8241105218169857,,
hartmann3,3,hw,0,gaussian_mixture,2.0,0,4.39475942724142,3.246854164398587,,
hartmann3,3,hw,0,gaussian_mixture,2.0,1,11.620667717623112,3.6716889474405137,,
hartmann3,3,hw,0,gaussian_mixture,2.0,2,4.38296963711848,2.8240209297430283,,
hartmann3,3,hw,0,gaussian_mixture,2.0,3,5.653335767861537,3.6524641564009097,,
hartmann3,3,hw,0,gaussian_mixture,2.0,4,11.149532853628122,3.8241105218169857,,
hartmann3,3,hw,1,gaussian_mixture,2.0,0,4.39475942724142,3.246854164398587,,
hartmann3,3,hw,1,gaussian_mixture,2.0,1,12.501621235959373,3.7056806654967813,,
hartmann3,3,hw,1,gaussian_mixture,2.0,2,2.632019002110496,2.5101352984817287,,
hartmann3,3,hw,1,gaussian_mixture,2.0,3,3.855893186921275,2.7084995188957675,,
hartmann3,3,hw,1,gaussian_mixture,2.0,4,9.826896716052048,3.214561697835368,,
hartmann3,3,hw,2,gaussian_mixture,2.0,0,4.663930117894525,3.695049897516985,,
hartmann3,3,hw,2,gaussian_mixture,2.0,1,12.006122107634436,3.72396081783541,,
hartmann3,3,hw,2,gaussian_mixture,2.0,2,4.0508803661190145,2.9299273082234785,,
hartmann3,3,hw,2,gaussian_mixture,2.0,3,6.09895453508591,3.3201496211978583,,
hartmann3,3,hw,2,gaussian_mixture,2.0,4,11.149532853628122,3.8241105218169857,,
hartmann4,4,1.0,0,gaussian_mixture,2.0,0,3.320684451337544,1.8968945929981667,,
hartmann4,4,1.0,0,gaussian_mixture,2.0,1,10.685871271508615,2.3994375608868257,,
hartmann4,4,1.0,0,gaussian_mixture,2.0,2,15.136453806353988,2.4579337863532005,,
hartmann4,4,1.0,0,gaussian_mixture,2.0,3,4.680741496895145,2.1724920353336583,,
hartmann4,4,1.0,0,gaussian_mixture,2.0,4,6.98299549002177,2.891627828453398,,
hartmann4,4,1.0,1,gaussian_mixture,2.0,0,3.627582948761635,2.1924633363061115,,
hartmann4,4,1.0,1,gaussian_mixture,2.0,1,13.281809351809233,3.042021248660778,,
hartmann4,4,1.0,1,gaussian_mixture,2.0,2,15.136453806353988,2.5382215912817583,,
hartmann4,4,1.0,1,gaussian_mixture,2.0,3,4.0988945222710305,2.2048985149403957,,
hartmann4,4,1.0,1,gaussian_mixture,2.0,4,7.261962223090212,2.9528193758148404,,
hartmann4,4,1.0,2,gaussian_mixture,2.0,0,4.68746538177673,2.833103614313271,,
hartmann4,4,1.0,2,gaussian_mixture,2.0,1,11.963339848999917,2.7411789780194447,,
hartmann4,4,1.0,2,gaussian_mixture,2.0,2,15.136453806353988,2.726139090809512,,
hartmann4,4,1.0,2,gaussian_mixture,2.0,3,3.7840861755479285,2.2325100813317826,,
hartmann4,4,1.0,2,gaussian_mixture,2.0,4,6.74185566961409,2.8353375113578485,,
hartmann4,4,hw,0,gaussian_mixture,2.0,0,2.8021460255046176,1.8968945929981667,,
hartmann4,4,hw,0,gaussian_mixture,2.0,1,13.7303319699453,3.0141578762524563,,
hartmann4,4,hw,0,gaussian_mixture,2.0,2,15.136453806353988,2.7072100666627166,,
hartmann4,4,hw,0,gaussian_mixture,2.0,3,4.9401724360055255,2.4596104559955814,,
hartmann4,4,hw,0,gaussian_mixture,2.0,4,6.698054071356348,2.799510385888546,,
hartmann4,4,hw,1,gaussian_mixture,2.0,0,3.9790560919689284,2.8112721531798694,,
hartmann4,4,hw,1,gaussian_mixture,2.0,1,10.764523916562329,2.2566362282258807,,
hartmann4,4,hw,1,gaussian_mixture,2.0,2,15.136453806353988,2.7072100666627166,,
hartmann4,4,hw,1,gaussian_mixture,2.0,3,4.098655343708552,2.2049002913487636,,
hartmann4,4,hw,1,gaussian_mixture,2.0,4,6.842803899494898,2.8477423674818665,,
hartmann4,4,hw,2,gaussian_mixture,2.0,0,4.639998867960247,2.8331069056237213,,
hartmann4,4,hw,2,gaussian_mixture,2.0,1,11.835094160809334,2.1084406171710635,,
hartmann4,4,hw,2,gaussian_mixture,2.0,2,15.136453806353988,2.7072100666627166,,
hartmann4,4,hw,2,gaussian_mixture,2.0,3,3.7674127308817993,2.281765226226412,,
hartmann4,4,hw,2,gaussian_mixture,2.0,4,5.953204082319275,2.8353375113578485,,
hartmann6,6,1.0,0,gaussian_mixture,2.0,0,12.359214583405901,1.9100343043046712,,
hartmann6,6,1.0,0,gaussian_mixture,2.0,1,5.4706988861717525,2.3900205429983354,,
hartmann6,6,1.0,0,gaussian_mixture,2.0,2,5.976348501020281,2.377739134021377,,
hartmann6,6,1.0,0,gaussian_mixture,2.0,3,6.370717900710746,2.4149280219248053,,
hartmann6,6,1.0,0,gaussian_mixture,2.0,4,24.369502177184017,2.0517228651645194,,
hartmann6,6,1.0,1,gaussian_mixture,2.0,0,12.359214583405901,2.2227554213120566,,
hartmann6,6,1.0,1,gaussian_mixture,2.0,1,5.4706988861717525,2.3900205429983354,,
hartmann6,6,1.0,1,gaussian_mixture,2.0,2,5.91315521940966,2.377739134021377,,
hartmann6,6,1.0,1,gaussian_mixture,2.0,3,6.370717900710746,2.3299046859480352,,
hartmann6,6,1.0,1,gaussian_mixture,2.0,4,24.369502177184017,2.1528910745444505,,
hartmann6,6,1.0,2,gaussian_mixture,2.0,0,12.359214583405901,2.2227554213120566,,
hartmann6,6,1.0,2,gaussian_mixture,2.0,1,6.051866229634183,2.017355908624179,,
hartmann6,6,1.0,2,gaussian_mixture,2.0,2,5.91315521940966,2.377739134021377,,
hartmann6,6,1.0,2,gaussian_mixture,2.0,3,6.370717900710746,2.3299046859480352,,
hartmann6,6,1.0,2,gaussian_mixture,2.0,4,24.369502177184017,2.1528910745444505,,
hartmann6,6,hw,0,gaussian_mixture,2.0,0,12.359214583405901,1.9100343043046712,,
hartmann6,6,hw,0,gaussian_mixture,2.0,1,5.4706988861717525,2.3900205429983354,,
hartmann6,6,hw,0,gaussian_mixture,2.0,2,6.279183989913976,2.03228758085631,,
hartmann6,6,hw,0,gaussian_mixture,2.0,3,6.370717900710746,2.320412597238567,,
hartmann6,6,hw,0,gaussian_mixture,2.0,4,24.369502177184017,2.0517228651645194,,
hartmann6,6,hw,1,gaussian_mixture,2.0,0,12.359214583405901,2.2227554213120566,,
hartmann6,6,hw,1,gaussian_mixture,2.0,1,5.4706988861717525,2.3900205429983354,,
hartmann6,6,hw,1,gaussian_mixture,2.0,2,5.91315521940966,1.915822405699762,,
hartmann6,6,hw,1,gaussian_mixture,2.0,3,6.370717900710746,2.320412597238567,,
hartmann6,6,hw,1,gaussian_mixture,2.0,4,24.369502177184017,2.1528910745444505,,
hartmann6,6,hw,2,gaussian_mixture,2.0,0,12.359214583405901,2.2227554213120566,,
hartmann6,6,hw,2,gaussian_mixture,2.0,1,5.4706988861717525,2.3900205429983354,,
hartmann6,6,hw,2,gaussian_mixture,2.0,2,5.91315521940966,2.377739134021377,,
hartmann6,6,hw,2,gaussian_mixture,2.0,3,6.370717900710746,2.320412597238567,,
hartmann6,6,hw,2,gaussian_mixture,2.0,4,24.369502177184017,2.1528910745444505,,
powell,4,1.0,0,gaussian_mixture,2.0,0,-80.39517245244707,-81.538748449925,80.39517245244707,81.538748449925
powell,4,1.0,0,gaussian_mixture,2.0,1,-21.83063980072437,-22.726429148562204,21.83063980072437,22.726429148562204
powell,4,1.0,0,gaussian_mixture,2.0,2,-55.45417142956128,-55.46567448854958,55.45417142956128,55.46567448854958
powell,4,1.0,0,gaussian_mixture,2.0,3,-61.94730021941008,-61.42036434602537,61.94730021941008,61.42036434602537
powell,4,1.0,0,gaussian_mixture,2.0,4,-66.10018076737508,-67.2296037628512,66.10018076737508,67.2296037628512
powell,4,1.0,1,gaussian_mixture,2.0,0,-31.419004788537535,-32.361574507512486,31.419004788537535,32.361574507512486
powell,4,1.0,1,gaussian_mixture,2.0,1,-24.891490779192953,-25.59767696043637,24.891490779192953,25.59767696043637
powell,4,1.0,1,gaussian_mixture,2.0,2,-4.387200765426827,-5.767143811039307,4.387200765426827,5.767143811039307
powell,4,1.0,1,gaussian_mixture,2.0,3,-60.59488735571353,-59.99484993299672,60.59488735571353,59.99484993299672
powell,4,1.0,1,gaussian_mixture,2.0,4,-34.69744960739691,-35.207171790375966,34.69744960739691,35.207171790375966
powell,4,1.0,2,gaussian_mixture,2.0,0,-14.31571430562778,-16.155481531313686,14.31571430562778,16.155481531313686
powell,4,1.0,2,gaussian_mixture,2.0,1,-16.976561392681617,-15.537781359761983,16.976561392681617,15.537781359761983
powell,4,1.0,2,gaussian_mixture,2.0,2,-25.010297962197512,-26.354793688869695,25.010297962197512,26.354793688869695
powell,4,1.0,2,gaussian_mixture,2.0,3,-87.7605279850427,-88.73757909063217,87.7605279850427,88.73757909063217
powell,4,1.0,2,gaussian_mixture,2.0,4,-39.44428261584207,-42.240572523112085,39.44428261584207,42.240572523112085
powell,4,hw,0,gaussian_mixture,2.0,0,-109.2621568253952,-109.8811057017556,109.2621568253952,109.8811057017556
powell,4,hw,0,gaussian_mixture,2.0,1,-28.016068809136808,-28.22257276186089,28.016068809136808,28.22257276186089
powell,4,hw,0,gaussian_mixture,2.0,2,-19.332259054729967,-21.292933981459512,19.332259054729967,21.292933981459512
powell,4,hw,0,gaussian_mixture,2.0,3,0.07319651777398128,-2.114333873749987,-0.07319651777398128,2.114333873749987
powell,4,hw,0,gaussian_mixture,2.0,4,-109.39613506843224,-108.49137988652335,109.39613506843224,108.49137988652335
powell,4,hw,1,gaussian_mixture,2.0,0,-26.671577076278016,-26.011792687906937,26.671577076278016,26.011792687906937
powell,4,hw,1,gaussian_mixture,2.0,1,-14.684247786615668,-15.718997642899204,14.684247786615668,15.718997642899204
powell,4,hw,1,gaussian_mixture,2.0,2,-1.0906746731413743,-2.470617718753854,1.0906746731413743,2.470617718753854
powell,4,hw,1,gaussian_mixture,2.0,3,-60.59675467135533,-59.99671724863852,60.59675467135533,59.99671724863852
powell,4,hw,1,gaussian_mixture,2.0,4,-46.906646164588444,-47.822053598742514,46.906646164588444,47.822053598742514
powell,4,hw,2,gaussian_mixture,2.0,0,-10.588485793648287,-9.468427089364603,10.588485793648287,9.468427089364603
powell,4,hw,2,gaussian_mixture,2.0,1,-28.26676661635303,-29.88639414520873,28.26676661635303,29.88639414520873
powell,4,hw,2,gaussian_mixture,2.0,2,-80.28601274392166,-81.22804759850827,80.28601274392166,81.22804759850827
powell,4,hw,2,gaussian_mixture,2.0,3,-87.93953373534485,-88.91658484093432,87.93953373534485,88.91658484093432
powell,4,hw,2,gaussian_mixture,2.0,4,-39.44677799353769,-43.642897704140424,39.44677799353769,43.642897704140424
shekel,4,1.0,0,gaussian_mixture,2.0,0,2.4648228657692597,0.7956424271234188,,
shekel,4,1.0,0,gaussian_mixture,2.0,1,10.981833227555608,1.0721909509279695,,
shekel,4,1.0,0,gaussian_mixture,2.0,2,14.567516232285074,0.6312089465454536,,
shekel,4,1.0,0,gaussian_mixture,2.0,3,2.851075676065629,0.9597340772793324,,
shekel,4,1.0,0,gaussian_mixture,2.0,4,4.834979448617255,1.0628331636840356,,
shekel,4,1.0,1,gaussian_mixture,2.0,0,2.4648228657692597,0.7956424271234188,,
shekel,4,1.0,1,gaussian_mixture,2.0,1,10.981833227555608,1.0721909509279695,,
shekel,4,1.0,1,gaussian_mixture,2.0,2,14.567516232285074,0.6312089465454536,,
shekel,4,1.0,1,gaussian_mixture,2.0,3,2.8241969809878924,0.9597340772793324,,
shekel,4,1.0,1,gaussian_mixture,2.0,4,4.834979448617255,1.0628331636840356,,
shekel,4,1.0,2,gaussian_mixture,2.0,0,2.4648228657692597,0.7956424271234188,,
shekel,4,1.0,2,gaussian_mixture,2.0,1,10.981833227555608,1.0721909509279695,,
shekel,4,1.0,2,gaussian_mixture,2.0,2,14.567516232285074,0.6604602707348362,,
shekel,4,1.0,2,gaussian_mixture,2.0,3,2.851075676065629,0.9597340772793324,,
shekel,4,1.0,2,gaussian_mixture,2.0,4,4.696909023941732,0.6111702827037202,,
shekel,4,hw,0,gaussian_mixture,2.0,0,2.4648228657692597,0.7956424271234188,,
shekel,4,hw,0,gaussian_mixture,2.0,1,11.484416948784341,1.0721909509279695,,
shekel,4,hw,0,gaussian_mixture,2.0,2,14.559930184096473,0.6604602707348362,,
shekel,4,hw,0,gaussian_mixture,2.0,3,2.837940116750366,0.9597340772793324,,
shekel,4,hw,0,gaussian_mixture,2.0,4,4.834979448617255,1.0628331636840356,,
shekel,4,hw,1,gaussian_mixture,2.0,0,2.4648228657692597,0.7956424271234188,,
shekel,4,hw,1,gaussian_mixture,2.0,1,10.981833227555608,1.0721909509279695,,
shekel,4,hw,1,gaussian_mixture,2.0,2,14.567516232285074,0.6312089465454536,,
shekel,4,hw,1,gaussian_mixture,2.0,3,2.851075676065629,0.9597340772793324,,
shekel,4,hw,1,gaussian_mixture,2.0,4,4.834979448617255,0.6184792045684971,,
shekel,4,hw,2,gaussian_mixture,2.0,0,2.4648228657692597,0.7956424271234188,,
shekel,4,hw,2,gaussian_mixture,2.0,1,10.981833227555608,0.6080184349506768,,
shekel,4,hw,2,gaussian_mixture,2.0,2,14.567516232285074,0.6604602707348362,,
shekel,4,hw,2,gaussian_mixture,2.0,3,2.851075676065629,0.9597340772793324,,
shekel,4,hw,2,gaussian_mixture,2.0,4,4.6156893483402825,1.0628331636840356,,
styblinski_tang,5,1.0,0,gaussian_mixture,2.0,0,-16.141791245256382,-18.376332564312065,16.141791245256382,18.376332564312065
styblinski_tang,5,1.0,0,gaussian_mixture,2.0,1,-49.99146729047225,-52.56868841170282,49.99146729047225,52.56868841170282
styblinski_tang,5,1.0,0,gaussian_mixture,2.0,2,-25.708859266989187,-25.42804653976151,25.708859266989187,25.42804653976151
styblinski_tang,5,1.0,0,gaussian_mixture,2.0,3,-31.16340406079965,-30.302983658332437,31.16340406079965,30.302983658332437
styblinski_tang,5,1.0,0,gaussian_mixture,2.0,4,-35.21117153152215,-34.88817284424127,35.21117153152215,34.88817284424127
styblinski_tang,5,1.0,1,gaussian_mixture,2.0,0,-28.274876215496796,-25.288286689979856,28.274876215496796,25.288286689979856
styblinski_tang,5,1.0,1,gaussian_mixture,2.0,1,-41.242909350071166,-44.079378828759076,41.242909350071166,44.079378828759076
styblinski_tang,5,1.0,1,gaussian_mixture,2.0,2,-18.029932769491612,-16.192847014834,18.029932769491612,16.192847014834
styblinski_tang,5,1.0,1,gaussian_mixture,2.0,3,-34.7261799603614,-34.91023755816218,34.7261799603614,34.91023755816218
styblinski_tang,5,1.0,1,gaussian_mixture,2.0,4,-37.05299283396279,-36.655968026848655,37.05299283396279,36.655968026848655
styblinski_tang,5,1.0,2,gaussian_mixture,2.0,0,-32.2000318641737,-32.887280847629825,32.2000318641737,32.887280847629825
styblinski_tang,5,1.0,2,gaussian_mixture,2.0,1,-63.309604498019745,-64.17498502943448,63.309604498019745,64.17498502943448
styblinski_tang,5,1.0,2,gaussian_mixture,2.0,2,-21.010933651294952,-19.17384789663734,21.010933651294952,19.17384789663734
styblinski_tang,5,1.0,2,gaussian_mixture,2.0,3,-52.41216117884213,-52.958825479023915,52.41216117884213,52.958825479023915
styblinski_tang,5,1.0,2,gaussian_mixture,2.0,4,-65.74996460267337,-57.474705117015674,65.74996460267337,57.474705117015674
styblinski_tang,5,hw,0,gaussian_mixture,2.0,0,-10.668600638822454,-15.161946802652551,10.668600638822454,15.161946802652551
styblinski_tang,5,hw,0,gaussian_mixture,2.0,1,-42.58290868169154,-41.612676799496796,42.58290868169154,41.612676799496796
styblinski_tang,5,hw,0,gaussian_mixture,2.0,2,-32.91214148738274,-29.967123306928215,32.91214148738274,29.967123306928215
styblinski_tang,5,hw,0,gaussian_mixture,2.0,3,-30.268017406434492,-30.079250020463263,30.268017406434492,30.079250020463263
styblinski_tang,5,hw,0,gaussian_mixture,2.0,4,-14.722541874174645,-16.17755832694064,14.722541874174645,16.17755832694064
styblinski_tang,5,hw,1,gaussian_mixture,2.0,0,-27.271066205747996,-26.336374111088276,27.271066205747996,26.336374111088276
styblinski_tang,5,hw,1,gaussian_mixture,2.0,1,-41.12889941840822,-41.99427994982295,41.12889941840822,41.99427994982295
styblinski_tang,5,hw,1,gaussian_mixture,2.0,2,-16.938404616311065,-15.101318861653453,16.938404616311065,15.101318861653453
styblinski_tang,5,hw,1,gaussian_mixture,2.0,3,-34.91161629881133,-33.526614861998894,34.91161629881133,33.526614861998894
styblinski_tang,5,hw,1,gaussian_mixture,2.0,4,-30.940064688102815,-31.701289501041458,30.940064688102815,31.701289501041458
styblinski_tang,5,hw,2,gaussian_mixture,2.0,0,-32.86162392327303,-32.823193076798816,32.86162392327303,32.823193076798816
styblinski_tang,5,hw,2,gaussian_mixture,2.0,1,-56.383562337715546,-55.500744416812836,56.383562337715546,55.500744416812836
styblinski_tang,5,hw,2,gaussian_mixture,2.0,2,-3.9339502144124023,-4.4783136123640475,3.9339502144124023,4.4783136123640475
styblinski_tang,5,hw,2,gaussian_mixture,2.0,3,-47.890582996706534,-47.228688328884004,47.890582996706534,47.228688328884004
styblinski_tang,5,hw,2,gaussian_mixture,2.0,4,-65.72520276922788,-57.44994328357018,65.72520276922788,57.44994328357018
styblinski_tang,10,1.0,0,gaussian_mixture,2.0,0,-52.60306659857378,-55.800021319721566,52.60306659857378,55.800021319721566
styblinski_tang,10,1.0,0,gaussian_mixture,2.0,1,-77.23357056868427,-78.17953656992216,77.23357056868427,78.17953656992216
styblinski_tang,10,1.0,0,gaussian_mixture,2.0,2,-95.98154019696123,-98.96186415770313,95.98154019696123,98.96186415770313
styblinski_tang,10,1.0,0,gaussian_mixture,2.0,3,-96.84036796827979,-98.37344537792421,96.84036796827979,98.37344537792421
styblinski_tang,10,1.0,0,gaussian_mixture,2.0,4,-79.73818484285445,-80.45683952819144,79.73818484285445,80.45683952819144
styblinski_tang,10,1.0,1,gaussian_mixture,2.0,0,-49.857769204245834,-51.29554894859541,49.857769204245834,51.29554894859541
styblinski_tang,10,1.0,1,gaussian_mixture,2.0,1,-92.54092710443642,-92.04499405418153,92.54092710443642,92.04499405418153
styblinski_tang,10,1.0,1,gaussian_mixture,2.0,2,-122.80632188213207,-121.88350394688587,122.80632188213207,121.88350394688587
styblinski_tang,10,1.0,1,gaussian_mixture,2.0,3,-104.12764214362653,-103.03277083913196,104.12764214362653,103.03277083913196
styblinski_tang,10,1.0,1,gaussian_mixture,2.0,4,-118.11620543161669,-118.92648954225751,118.11620543161669,118.92648954225751
styblinski_tang,10,1.0,2,gaussian_mixture,2.0,0,-50.02239993436915,-50.14421472570456,50.02239993436915,50.14421472570456
styblinski_tang,10,1.0,2,gaussian_mixture,2.0,1,-113.84361365668687,-112.92912451462746,113.84361365668687,112.92912451462746
styblinski_tang,10,1.0,2,gaussian_mixture,2.0,2,-113.82760891000274,-114.03047144619904,113.82760891000274,114.03047144619904
styblinski_tang,10,1.0,2,gaussian_mixture,2.0,3,-132.09544869610417,-129.30891536933524,132.09544869610417,129.30891536933524
styblinski_tang,10,1.0,2,gaussian_mixture,2.0,4,-111.600685513414,-111.45251152528851,111.600685513414,111.45251152528851
styblinski_tang,10,hw,0,gaussian_mixture,2.0,0,-52.68075982919493,-55.099167650889456,52.68075982919493,55.099167650889456
styblinski_tang,10,hw,0,gaussian_mixture,2.0,1,-109.46550021430575,-110.62787037525328,109.46550021430575,110.62787037525328
styblinski_tang,10,hw,0,gaussian_mixture,2.0,2,-124.74350122455205,-127.40599471962798,124.74350122455205,127.40599471962798
styblinski_tang,10,hw,0,gaussian_mixture,2.0,3,-86.6913103031825,-88.97855318078228,86.6913103031825,88.97855318078228
styblinski_tang,10,hw,0,gaussian_mixture,2.0,4,-72.13907836727142,-72.98450207636671,72.13907836727142,72.98450207636671
styblinski_tang,10,hw,1,gaussian_mixture,2.0,0,-51.4448031751043,-44.72873116601653,51.4448031751043,44.72873116601653
styblinski_tang,10,hw,1,gaussian_mixture,2.0,1,-92.54042969305196,-92.04449664279707,92.54042969305196,92.04449664279707
styblinski_tang,10,hw,1,gaussian_mixture,2.0,2,-88.2060891287117,-88.05118925259927,88.2060891287117,88.05118925259927
styblinski_tang,10,hw,1,gaussian_mixture,2.0,3,-96.18059847064126,-101.12066605274879,96.18059847064126,101.12066605274879
styblinski_tang,10,hw,1,gaussian_mixture,2.0,4,-118.11620543161669,-118.92648954225751,118.11620543161669,118.92648954225751
styblinski_tang,10,hw,2,gaussian_mixture,2.0,0,-48.91842096021562,-49.17381809667518,48.91842096021562,49.17381809667518
styblinski_tang,10,hw,2,gaussian_mixture,2.0,1,-113.97011428043945,-113.05562513838004,113.97011428043945,113.05562513838004
styblinski_tang,10,hw,2,gaussian_mixture,2.0,2,-138.21777216251104,-136.80319170282988,138.21777216251104,136.80319170282988
styblinski_tang,10,hw,2,gaussian_mixture,2.0,3,-99.96453215682496,-98.99041475934786,99.96453215682496,98.99041475934786
styblinski_tang,10,hw,2,gaussian_mixture,2.0,4,-106.55309909018904,-107.66396512048658,106.55309909018904,107.66396512048658
